{"actividades":[{"id_actividad":"1","id_paciente":"8","numero_bloqueos":"0","velocidad_media":"0.00","numero_pasos":"0","duracion":"0","fecha":null,"hora":"00:00:00"},{"id_actividad":"2","id_paciente":"8","numero_bloqueos":"0","velocidad_media":"0.00","numero_pasos":"0","duracion":"0","fecha":null,"hora":"00:00:00"},{"id_actividad":"3","id_paciente":"8","numero_bloqueos":"0","velocidad_media":"0.00","numero_pasos":"0","duracion":"0","fecha":null,"hora":"00:00:00"},{"id_actividad":"4","id_paciente":"8","numero_bloqueos":"3","velocidad_media":"2.28","numero_pasos":"32","duracion":"0.8","fecha":null,"hora":"00:00:00"},{"id_actividad":"5","id_paciente":"8","numero_bloqueos":"0","velocidad_media":"2.87","numero_pasos":"26","duracion":"0.38","fecha":null,"hora":"00:00:00"},{"id_actividad":"6","id_paciente":"8","numero_bloqueos":"2","velocidad_media":"2.84","numero_pasos":"24","duracion":"0.55","fecha":null,"hora":"00:00:00"},{"id_actividad":"7","id_paciente":"8","numero_bloqueos":"1","velocidad_media":"1.14","numero_pasos":"14","duracion":"0.47","fecha":null,"hora":"00:00:00"},{"id_actividad":"8","id_paciente":"8","numero_bloqueos":"1","velocidad_media":"2.37","numero_pasos":"14","duracion":"0.35","fecha":null,"hora":"00:00:00"},{"id_actividad":"9","id_paciente":"8","numero_bloqueos":"1","velocidad_media":"1.44","numero_pasos":"18","duracion":"0.45","fecha":null,"hora":"00:00:00"},{"id_actividad":"10","id_paciente":"8","numero_bloqueos":"1","velocidad_media":"1.44","numero_pasos":"18","duracion":"0.45","fecha":null,"hora":"00:00:00"},{"id_actividad":"11","id_paciente":"8","numero_bloqueos":"2","velocidad_media":"2.19","numero_pasos":"40","duracion":"0.88","fecha":null,"hora":"00:00:00"},{"id_actividad":"12","id_paciente":"8","numero_bloqueos":"0","velocidad_media":"3.35","numero_pasos":"6","duracion":"0.13","fecha":null,"hora":"00:00:00"},{"id_actividad":"13","id_paciente":"8","numero_bloqueos":"3","velocidad_media":"2.44","numero_pasos":"10","duracion":"0.35","fecha":null,"hora":"00:00:00"},{"id_actividad":"14","id_paciente":"8","numero_bloqueos":"8","velocidad_media":"1.80","numero_pasos":"26","duracion":"1.18","fecha":null,"hora":"00:00:00"},{"id_actividad":"15","id_paciente":"8","numero_bloqueos":"0","velocidad_media":"1.51","numero_pasos":"2","duracion":"0.1","fecha":null,"hora":"00:00:00"},{"id_actividad":"22","id_paciente":"8","numero_bloqueos":"2","velocidad_media":"2.44","numero_pasos":"26","duracion":"0.75","fecha":null,"hora":"00:00:00"},{"id_actividad":"23","id_paciente":"8","numero_bloqueos":"1","velocidad_media":"2.02","numero_pasos":"16","duracion":"0.35","fecha":null,"hora":"00:00:00"},{"id_actividad":"24","id_paciente":"8","numero_bloqueos":"1","velocidad_media":"0.95","numero_pasos":"2","duracion":"0.13","fecha":null,"hora":"00:00:00"},{"id_actividad":"25","id_paciente":"8","numero_bloqueos":"4","velocidad_media":"2.17","numero_pasos":"42","duracion":"1.17","fecha":null,"hora":"00:00:00"},{"id_actividad":"26","id_paciente":"8","numero_bloqueos":"0","velocidad_media":"1.53","numero_pasos":"6","duracion":"0.12","fecha":null,"hora":"00:00:00"},{"id_actividad":"27","id_paciente":"8","numero_bloqueos":"0","velocidad_media":"0.81","numero_pasos":"4","duracion":"0.1","fecha":null,"hora":"00:00:00"},{"id_actividad":"28","id_paciente":"8","numero_bloqueos":"0","velocidad_media":"0.53","numero_pasos":"2","duracion":"0.08","fecha":null,"hora":"00:00:00"},{"id_actividad":"29","id_paciente":"8","numero_bloqueos":"0","velocidad_media":"0.53","numero_pasos":"2","duracion":"0.08","fecha":null,"hora":"00:00:00"},{"id_actividad":"30","id_paciente":"8","numero_bloqueos":"0","velocidad_media":"0.16","numero_pasos":"2","duracion":"0.08","fecha":null,"hora":"00:00:00"},{"id_actividad":"31","id_paciente":"8","numero_bloqueos":"0","velocidad_media":"2.13","numero_pasos":"14","duracion":"0.32","fecha":null,"hora":"00:00:00"},{"id_actividad":"32","id_paciente":"8","numero_bloqueos":"3","velocidad_media":"3.11","numero_pasos":"54","duracion":"1.02","fecha":null,"hora":"00:00:00"},{"id_actividad":"33","id_paciente":"8","numero_bloqueos":"0","velocidad_media":"0.00","numero_pasos":"0","duracion":"0.02","fecha":null,"hora":"00:00:00"},{"id_actividad":"34","id_paciente":"8","numero_bloqueos":"0","velocidad_media":"2.71","numero_pasos":"4","duracion":"0.08","fecha":null,"hora":"00:00:00"},{"id_actividad":"35","id_paciente":"8","numero_bloqueos":"1","velocidad_media":"1.79","numero_pasos":"4","duracion":"0.12","fecha":null,"hora":"00:00:00"},{"id_actividad":"36","id_paciente":"8","numero_bloqueos":"0","velocidad_media":"1.30","numero_pasos":"12","duracion":"0.82","fecha":null,"hora":"00:00:00"},{"id_actividad":"37","id_paciente":"8","numero_bloqueos":"0","velocidad_media":"2.25","numero_pasos":"32","duracion":"0.9","fecha":null,"hora":"00:00:00"},{"id_actividad":"38","id_paciente":"8","numero_bloqueos":"2","velocidad_media":"3.10","numero_pasos":"24","duracion":"0.5","fecha":null,"hora":"00:00:00"},{"id_actividad":"39","id_paciente":"8","numero_bloqueos":"2","velocidad_media":"3.10","numero_pasos":"24","duracion":"0.5","fecha":null,"hora":"00:00:00"},{"id_actividad":"40","id_paciente":"8","numero_bloqueos":"3","velocidad_media":"2.09","numero_pasos":"24","duracion":"0.8","fecha":null,"hora":"00:00:00"},{"id_actividad":"41","id_paciente":"8","numero_bloqueos":"6","velocidad_media":"3.43","numero_pasos":"34","duracion":"0.75","fecha":null,"hora":"00:00:00"},{"id_actividad":"42","id_paciente":"8","numero_bloqueos":"2","velocidad_media":"4.11","numero_pasos":"18","duracion":"0.27","fecha":null,"hora":"00:00:00"},{"id_actividad":"43","id_paciente":"8","numero_bloqueos":"6","velocidad_media":"4.56","numero_pasos":"36","duracion":"0.52","fecha":null,"hora":"00:00:00"},{"id_actividad":"44","id_paciente":"8","numero_bloqueos":"2","velocidad_media":"1.72","numero_pasos":"16","duracion":"0.85","fecha":null,"hora":"00:00:00"},{"id_actividad":"45","id_paciente":"8","numero_bloqueos":"1","velocidad_media":"1.62","numero_pasos":"10","duracion":"0.37","fecha":null,"hora":"00:00:00"},{"id_actividad":"46","id_paciente":"8","numero_bloqueos":"0","velocidad_media":"0.00","numero_pasos":"0","duracion":"0","fecha":null,"hora":"00:00:00"},{"id_actividad":"47","id_paciente":"8","numero_bloqueos":"0","velocidad_media":"0.00","numero_pasos":"0","duracion":"0","fecha":null,"hora":"00:00:00"},{"id_actividad":"48","id_paciente":"8","numero_bloqueos":"0","velocidad_media":"0.00","numero_pasos":"0","duracion":"0","fecha":null,"hora":"00:00:00"},{"id_actividad":"49","id_paciente":"8","numero_bloqueos":"0","velocidad_media":"0.00","numero_pasos":"0","duracion":"0.02","fecha":null,"hora":"00:00:00"},{"id_actividad":"51","id_paciente":"8","numero_bloqueos":"7","velocidad_media":"0.00","numero_pasos":"0","duracion":"1.2","fecha":"2024-05-20","hora":"20:29:21"},{"id_actividad":"52","id_paciente":"8","numero_bloqueos":"7","velocidad_media":"2.00","numero_pasos":"20","duracion":"2.4","fecha":"2024-05-20","hora":"10:30:00"},{"id_actividad":"53","id_paciente":"8","numero_bloqueos":"3","velocidad_media":"1.45","numero_pasos":"8","duracion":"0.27","fecha":"2024-06-05","hora":"20:49:13"},{"id_actividad":"60","id_paciente":"8","numero_bloqueos":"2","velocidad_media":"1.84","numero_pasos":"26","duracion":"0.38","fecha":"2024-06-06","hora":"11:20:57"}]}